-- phpMyAdmin SQL Dump
-- version 4.9.7
-- https://www.phpmyadmin.net/
--
-- Host: localhost:3306
-- Generation Time: Apr 08, 2021 at 02:39 PM
-- Server version: 5.7.32
-- PHP Version: 7.4.12

SET SQL_MODE = "NO_AUTO_VALUE_ON_ZERO";
SET time_zone = "+00:00";

--
-- Database: `goodbook`
--
CREATE DATABASE IF NOT EXISTS `goodbook` DEFAULT CHARACTER SET utf8 COLLATE utf8_general_ci;
USE `goodbook`;

-- --------------------------------------------------------

--
-- Table structure for table `area`
--

CREATE TABLE `area` (
  `id` int(11) NOT NULL,
  `name` varchar(255) DEFAULT NULL,
  `delete_flg` tinyint(1) NOT NULL DEFAULT '0',
  `create_date` datetime NOT NULL,
  `update_date` timestamp NOT NULL DEFAULT CURRENT_TIMESTAMP ON UPDATE CURRENT_TIMESTAMP
) ENGINE=InnoDB DEFAULT CHARSET=utf8;

--
-- Dumping data for table `area`
--

INSERT INTO `area` (`id`, `name`, `delete_flg`, `create_date`, `update_date`) VALUES
(1, 'North America', 0, '2021-01-28 14:40:05', '2021-01-28 05:40:30'),
(2, 'Latin America', 0, '2021-01-28 14:40:42', '2021-01-28 05:40:53'),
(3, 'Europe', 0, '2021-01-28 14:41:14', '2021-01-28 05:41:32'),
(4, 'Oceania', 0, '2021-01-28 14:41:34', '2021-01-28 05:41:48'),
(5, 'Africa', 0, '2021-01-28 14:41:51', '2021-01-28 05:42:07'),
(6, 'Middle East', 0, '2021-01-28 14:42:36', '2021-01-28 05:42:45'),
(7, 'Asia', 0, '2021-01-28 14:42:47', '2021-01-28 05:42:56');

-- --------------------------------------------------------

--
-- Table structure for table `bord`
--

CREATE TABLE `bord` (
  `id` int(11) NOT NULL,
  `send_user` int(11) NOT NULL,
  `receive_user` int(11) NOT NULL,
  `delete_flg` tinyint(1) NOT NULL DEFAULT '0',
  `create_date` datetime NOT NULL,
  `update_date` timestamp NOT NULL DEFAULT CURRENT_TIMESTAMP ON UPDATE CURRENT_TIMESTAMP
) ENGINE=InnoDB DEFAULT CHARSET=utf8;

--
-- Dumping data for table `bord`
--

INSERT INTO `bord` (`id`, `send_user`, `receive_user`, `delete_flg`, `create_date`, `update_date`) VALUES
(234, 91, 251, 0, '2021-02-28 17:16:04', '2021-02-28 08:16:04'),
(235, 91, 249, 0, '2021-02-28 17:34:23', '2021-02-28 08:34:23'),
(236, 91, 250, 0, '2021-02-28 17:34:48', '2021-02-28 08:34:48'),
(237, 251, 250, 0, '2021-02-28 18:22:48', '2021-02-28 09:22:48'),
(238, 91, 247, 0, '2021-02-28 19:43:48', '2021-02-28 10:43:48'),
(239, 251, 248, 0, '2021-02-28 20:37:15', '2021-02-28 11:37:15'),
(240, 93, 91, 0, '2021-02-28 20:38:01', '2021-02-28 11:38:01'),
(241, 371, 249, 0, '2021-03-20 21:50:30', '2021-03-20 12:50:30'),
(242, 91, 95, 0, '2021-03-22 00:02:24', '2021-03-21 15:02:24'),
(243, 91, 248, 0, '2021-04-05 21:10:24', '2021-04-05 12:10:24');

-- --------------------------------------------------------

--
-- Table structure for table `comment`
--

CREATE TABLE `comment` (
  `id` int(11) NOT NULL,
  `post_id` int(11) NOT NULL,
  `user_id` int(11) NOT NULL,
  `comment` varchar(255) NOT NULL,
  `delete_flg` tinyint(1) NOT NULL DEFAULT '0',
  `create_date` datetime NOT NULL,
  `update_date` timestamp NOT NULL DEFAULT CURRENT_TIMESTAMP
) ENGINE=InnoDB DEFAULT CHARSET=utf8;

-- --------------------------------------------------------

--
-- Table structure for table `friends`
--

CREATE TABLE `friends` (
  `friend_id` int(11) NOT NULL,
  `user_id` int(11) NOT NULL,
  `delete_flg` tinyint(1) NOT NULL DEFAULT '0',
  `create_date` datetime NOT NULL,
  `update_date` timestamp NOT NULL DEFAULT CURRENT_TIMESTAMP ON UPDATE CURRENT_TIMESTAMP
) ENGINE=InnoDB DEFAULT CHARSET=utf8;

--
-- Dumping data for table `friends`
--

INSERT INTO `friends` (`friend_id`, `user_id`, `delete_flg`, `create_date`, `update_date`) VALUES
(91, 251, 0, '2021-02-27 18:36:01', '2021-02-27 09:36:01'),
(91, 93, 0, '2021-02-28 20:42:09', '2021-02-28 11:42:09'),
(249, 91, 0, '2021-03-01 11:12:33', '2021-03-01 02:12:33'),
(250, 91, 0, '2021-03-04 23:02:06', '2021-03-04 14:02:06'),
(249, 371, 0, '2021-03-20 21:50:29', '2021-03-20 12:50:29'),
(251, 91, 0, '2021-03-27 16:08:22', '2021-03-27 07:08:22'),
(248, 91, 0, '2021-03-28 18:24:06', '2021-03-28 09:24:06');

-- --------------------------------------------------------

--
-- Table structure for table `goodbutton`
--

CREATE TABLE `goodbutton` (
  `post_id` int(11) NOT NULL,
  `user_id` int(11) NOT NULL,
  `delete_flg` tinyint(1) NOT NULL DEFAULT '0',
  `create_date` datetime NOT NULL,
  `update_date` timestamp NOT NULL DEFAULT CURRENT_TIMESTAMP
) ENGINE=InnoDB DEFAULT CHARSET=utf8;

--
-- Dumping data for table `goodbutton`
--

INSERT INTO `goodbutton` (`post_id`, `user_id`, `delete_flg`, `create_date`, `update_date`) VALUES
(124, 251, 0, '2021-04-04 00:06:41', '2021-04-03 15:06:41'),
(122, 251, 0, '2021-04-04 00:06:49', '2021-04-03 15:06:49'),
(115, 251, 0, '2021-04-04 00:06:52', '2021-04-03 15:06:52'),
(124, 91, 0, '2021-04-04 15:36:46', '2021-04-04 06:36:46'),
(115, 91, 0, '2021-04-05 21:10:51', '2021-04-05 12:10:51');

-- --------------------------------------------------------

--
-- Table structure for table `message`
--

CREATE TABLE `message` (
  `id` int(11) NOT NULL,
  `bord_id` int(11) NOT NULL,
  `send_date` datetime NOT NULL,
  `to_user` int(11) NOT NULL,
  `from_user` int(11) NOT NULL,
  `msg` varchar(255) NOT NULL,
  `delete_flg` tinyint(1) NOT NULL DEFAULT '0',
  `create_date` datetime NOT NULL,
  `update_date` timestamp NOT NULL DEFAULT CURRENT_TIMESTAMP ON UPDATE CURRENT_TIMESTAMP
) ENGINE=InnoDB DEFAULT CHARSET=utf8;

--
-- Dumping data for table `message`
--

INSERT INTO `message` (`id`, `bord_id`, `send_date`, `to_user`, `from_user`, `msg`, `delete_flg`, `create_date`, `update_date`) VALUES
(81, 234, '2021-02-28 20:19:00', 251, 91, 'aaaa', 0, '2021-02-28 20:19:00', '2021-02-28 11:19:00'),
(82, 234, '2021-02-28 20:27:48', 91, 251, 'oooo', 0, '2021-02-28 20:27:48', '2021-02-28 11:27:48'),
(83, 234, '2021-02-28 20:33:46', 91, 251, 'aaaa', 0, '2021-02-28 20:33:46', '2021-02-28 11:33:46'),
(84, 234, '2021-02-28 20:34:03', 251, 91, 'pppppp', 0, '2021-02-28 20:34:03', '2021-02-28 11:34:03'),
(85, 234, '2021-03-01 11:12:18', 251, 91, 'gggggg\r\n', 0, '2021-03-01 11:12:18', '2021-03-01 02:12:18'),
(86, 234, '2021-03-12 20:37:40', 251, 91, 'aaaa', 0, '2021-03-12 20:37:40', '2021-03-12 11:37:40'),
(87, 241, '2021-03-20 21:50:35', 249, 371, 'pppppp', 0, '2021-03-20 21:50:35', '2021-03-20 12:50:35'),
(88, 242, '2021-03-22 00:02:27', 95, 91, 'aaaaaaa', 0, '2021-03-22 00:02:27', '2021-03-21 15:02:27'),
(89, 234, '2021-03-25 00:20:46', 251, 91, '', 0, '2021-03-25 00:20:46', '2021-03-24 15:20:46'),
(90, 234, '2021-03-25 00:20:47', 251, 91, '', 0, '2021-03-25 00:20:47', '2021-03-24 15:20:47'),
(91, 234, '2021-03-25 00:20:47', 251, 91, '', 0, '2021-03-25 00:20:47', '2021-03-24 15:20:47'),
(92, 234, '2021-03-25 00:20:48', 251, 91, '', 0, '2021-03-25 00:20:48', '2021-03-24 15:20:48');

-- --------------------------------------------------------

--
-- Table structure for table `post`
--

CREATE TABLE `post` (
  `id` int(11) NOT NULL,
  `comment` varchar(255) DEFAULT NULL,
  `pic1` varchar(255) DEFAULT NULL,
  `user_id` int(11) NOT NULL,
  `delete_flg` tinyint(1) NOT NULL DEFAULT '0',
  `create_date` datetime NOT NULL,
  `update_date` timestamp NOT NULL DEFAULT CURRENT_TIMESTAMP
) ENGINE=InnoDB DEFAULT CHARSET=utf8;

--
-- Dumping data for table `post`
--

INSERT INTO `post` (`id`, `comment`, `pic1`, `user_id`, `delete_flg`, `create_date`, `update_date`) VALUES
(106, 'せわしない日々、結果を残せていない自分。見て見ぬフリをしていた焦燥感や劣等感を、おばあちゃんの言葉が優しく射抜きます。\r\n「秋まで待てば、美しい花を咲かせる　だから焦らないで」', 'uploads/555ce403ccb9156717e46618b9b6be35bc9161ed.jpeg', 249, 0, '2021-02-15 21:40:01', '2021-02-15 12:40:01'),
(107, '心機一転、田舎に引っ越してきた女子高生。\r\nところが彼女を待っていたのは、予想外の裏切り、不可解な現象の数々、そして呪われた秘密…\r\nあなたには、30年前の惨劇の真相を ...', 'uploads/82aa0ff5e6623d4292ab7c66ec62768aab437b17.jpeg', 249, 0, '2021-02-15 21:42:14', '2021-02-15 12:42:14'),
(108, '【Amazon Music の活用法】\r\nお好きな楽曲をもとにしたレコメンド機能、シーンやジャンルが豊富なプレイリスト、ミュージックビデオ、そしてポッドキャストが聴けたりLive配信を視聴したり\r\nAmazon Music の Webサイト&アプリ を使いこなして日常で音楽やカルチャーを楽しもう', 'uploads/7533805ebd7191e41385f3b11c9b9d96e7eb0a36.jpeg', 250, 0, '2021-02-15 21:50:38', '2021-02-15 12:50:38'),
(109, '著者近影(息子作) Most recent likeness of me courtesy of my son', 'uploads/cbfca50300053654064d4ca8face747be827439d.jpeg', 251, 0, '2021-02-15 22:08:46', '2021-02-15 13:08:46'),
(112, 'one last kiss', 'uploads/ef80da1362d618daba6cba227e1ab0214d8f221a.jpeg', 91, 1, '2021-02-27 18:40:22', '2021-02-27 09:40:22'),
(114, '初恋', 'uploads/f7c0320838bc98dbe3c00e043f3a22f56b269b0c.jpeg', 91, 1, '2021-03-03 00:14:26', '2021-03-02 15:14:26'),
(115, 'One Last Kiss', 'uploads/69effe47a678e7700aa56c88dfa894ff8734f19a.jpeg', 251, 0, '2021-03-11 19:01:12', '2021-03-11 10:01:12'),
(116, 'fantome', 'uploads/86250fae94ea6501b6b4116529bc5225eb338531.png', 91, 1, '2021-03-11 23:50:37', '2021-03-11 14:50:37'),
(117, 'fantome', 'uploads/86250fae94ea6501b6b4116529bc5225eb338531.png', 91, 1, '2021-03-11 23:54:13', '2021-03-11 14:54:13'),
(118, 'fantome', 'uploads/86250fae94ea6501b6b4116529bc5225eb338531.png', 91, 0, '2021-03-12 14:52:55', '2021-03-12 05:52:55'),
(119, 'あなた', 'uploads/9811b770654160212489c4af695a08130b2be3b1.jpeg', 91, 1, '2021-03-12 16:50:41', '2021-03-12 07:50:41'),
(120, 'aaaaaa', NULL, 91, 1, '2021-01-27 17:07:47', '2021-03-12 08:08:11'),
(121, 'aaaaaa', NULL, 91, 1, '2021-01-27 17:07:47', '2021-03-12 11:33:59'),
(122, 'One Last Kiss', 'uploads/e4167ab8f3bdecafd1d7bed5be0c3d1fc955c4a1.png', 91, 0, '2021-03-18 07:57:06', '2021-03-17 22:57:06'),
(123, 'ppppp', 'uploads/b3c3f1a24af9f4acf04cee68d87d468a7f075091.jpeg', 371, 0, '2021-03-20 21:50:12', '2021-03-20 12:50:12'),
(124, 'post', 'uploads/4d2ffac928c0b17cc8b30fe52e0ac41231d6ab3e.jpeg', 91, 0, '2021-03-22 00:05:17', '2021-03-21 15:05:17'),
(125, 'santory\r\n', 'uploads/c682f9651498e3de22d607818965613311aef463.jpeg', 91, 1, '2021-03-26 07:26:01', '2021-03-25 22:26:01'),
(126, 'っっっっっっp', 'uploads/f0c1253bb862eae72e9406650eaa41501541d201.jpeg', 91, 1, '2021-04-02 00:46:25', '2021-04-01 15:46:25'),
(127, 'sssssssss', 'uploads/45da44cf2fcd52cfe263c4f34d130bdea09db6ea.png', 91, 1, '2021-04-07 19:29:56', '2021-04-07 10:29:56');

-- --------------------------------------------------------

--
-- Table structure for table `users`
--

CREATE TABLE `users` (
  `id` int(11) NOT NULL,
  `username` varchar(255) DEFAULT NULL,
  `age` int(11) DEFAULT NULL,
  `tel` varchar(255) DEFAULT NULL,
  `zip` text,
  `addr` varchar(255) DEFAULT NULL,
  `email` varchar(255) DEFAULT NULL,
  `pass` varchar(255) DEFAULT NULL,
  `profpic` varchar(255) DEFAULT NULL,
  `backgroundimg` varchar(255) DEFAULT NULL,
  `area_id` int(11) DEFAULT NULL,
  `myBio` varchar(255) NOT NULL,
  `login_time` datetime DEFAULT NULL,
  `delete_flg` tinyint(1) NOT NULL DEFAULT '0',
  `create_date` datetime DEFAULT NULL,
  `update_date` timestamp NOT NULL DEFAULT CURRENT_TIMESTAMP
) ENGINE=InnoDB DEFAULT CHARSET=utf8;

--
-- Dumping data for table `users`
--

INSERT INTO `users` (`id`, `username`, `age`, `tel`, `zip`, `addr`, `email`, `pass`, `profpic`, `backgroundimg`, `area_id`, `myBio`, `login_time`, `delete_flg`, `create_date`, `update_date`) VALUES
(90, 'okawa', 32, '09022223333', '3454445', '33333', 'siodeitadaku@gmail.com', '$2y$10$gCLOWSfdWT/WlSesSTKrdOEYzTpcCamIPiCnKDwo5MiP1EOb9NKXG', 'uploads/dde53637a7b584bf6b7a21f53d163f5fbf5c43fc.jpeg', NULL, 0, '', '2021-01-21 16:09:15', 1, NULL, '2021-01-21 07:09:15'),
(91, 'okawa', 21, '09000000000', '5470011', '長吉出戸8-10-1-701', 'siodeitadaku@gmail.com', '$2y$10$i4XOEMLpgPa6cASsKikC6.0aqS/bSt8foW3dN5eyURRTVvsC8pw3S', 'uploads/f0c1253bb862eae72e9406650eaa41501541d201.jpeg', 'uploads/7476263270dca40a8393d251148c33a063068daf.jpeg', 7, 'Hello World.', '2021-01-21 18:24:07', 0, '2021-01-21 18:24:07', '2021-01-21 09:24:07'),
(93, 'aaa', 33, '09000000000', '1234567', '1234', 'aaa@aaa', '$2y$10$OyPilT4gk00UFKyljvh.1uEKsKxrtLatzMj0czaaj2fYH/68V.sD.', 'uploads/1095e7e4183353a381cbdd623657407a734a7128.jpeg', 'uploads/296523f0bf761887fc99e44784472adbeef8a970.jpeg', 2, '', '2021-01-29 13:06:23', 0, '2021-01-29 13:06:23', '2021-01-29 04:06:23'),
(94, 'ppp', 44, '09000000000', '1234567', '12233', 'ppp@ppp', '$2y$10$sV/ZsIgENttWVQanpDyLCOhcFRRPa5dB5hl9UJujWqUtPcbZWjWku', 'uploads/7922725a89679a8edd8c7812a5ac88104667c603.jpeg', 'uploads/a327e34a53630bb37aaa68443dc3bd12277aeb33.jpeg', 2, '', '2021-01-29 13:08:34', 1, '2021-01-29 13:08:34', '2021-01-29 04:08:34'),
(95, 'uuu', 55, '09000000000', '1234567', '123', 'uuuu@uuu', '$2y$10$vOXfuNha9hJVzDsUU/vyJu8xLejNmY4IMQ9UO6ftYDBl1Ofw8HZmi', 'uploads/5997d2c0c301d087561cee1e0b0df08775857bdd.jpeg', NULL, 3, '', '2021-01-29 13:11:24', 0, '2021-01-29 13:11:24', '2021-01-29 04:11:24'),
(96, 'www', 21, '09000000000', '1234567', '123', 'www@www', '$2y$10$IgYjM.pk.YtVx1ClU50v6.nXVrwPw7aVmo5ZWn5n/meJ3PmVVFKgy', 'uploads/dc738d2e420b0daf0f39538daa47db9f75c23184.jpeg', NULL, 6, '', '2021-01-29 14:11:11', 1, '2021-01-29 14:11:11', '2021-01-29 05:11:11'),
(247, 'ddd', 98, '09000000000', '5470011', '701', 'ddd@ddd', '$2y$10$lrOd0ZY72K0C8dMTnCKZ1.k5TKTXD0iWUGQ2vrT3GsmOzzCE8Krr6', 'uploads/f0e578aec611c1483fc421a380c9eea1f045afda.jpeg', NULL, 5, '', '2021-02-03 12:01:52', 0, '2021-02-03 12:01:52', '2021-02-03 03:01:52'),
(248, 'test', 4, '09000000000', '4444444', '4444', 'ggg@ggg', '$2y$10$x0rE0sJ.LmuMOvJSWmxvIuTer6yxPSHzTe7XnpgK2wFWrEANumjwG', 'uploads/f69cd8b6b4078b4915b12e5e13a8703e2ac3c3e7.jpeg', NULL, 2, '', '2021-02-12 20:17:34', 0, '2021-02-12 20:17:34', '2021-02-12 11:17:34'),
(249, 'NETFLIX', 23, '0000000000', '0000000', 'カリフォルニア州ロスガトス', 'netfilix@com', '$2y$10$PjtT0O6jVlkmnTDpt4.pMON7oqudaDQz1mrEAmURUMfmmBDyXQAsG', 'uploads/cc80a3060fe07dadc1303565c773b493f9dfbe13.jpeg', 'uploads/12389c91e31a4d1b10868b72ae828c2b8895aad8.jpeg', 1, '', '2021-02-15 21:32:57', 0, '2021-02-15 21:32:57', '2021-02-15 12:32:57'),
(250, 'Amazon', 26, '01012069220880', '0000000', 'テリー・アベニュー・ノース410', 'amazon@com', '$2y$10$xJm7utGHRMbrP9Q3GL.iN./1K5mVDD/zaCnzwM2RerUZKIImT.gwe', 'uploads/d6cf47daf754fe3eb7f4ec59dbdc99475651938b.jpeg', 'uploads/74c82f6cd59ed9bc08f0e8e8bde6c22f95687ae2.jpeg', 1, '', '2021-02-15 21:43:13', 0, '2021-02-15 21:43:13', '2021-02-15 12:43:13'),
(251, 'Hikaru Utada', 38, '0000000000', '0000000', '0000000', 'utada@hikaru', '$2y$10$rDDov34H2DXFibbeyzrIOuwi3Pc3xn3Ol9b4YYzdvWhP.6P99Un72', 'uploads/4d2ffac928c0b17cc8b30fe52e0ac41231d6ab3e.jpeg', 'uploads/dacfc3a86d96f8ef74f78feb0c5cf52ae9df3e42.jpeg', 3, 'kuma power', '2021-02-15 21:56:09', 0, '2021-02-15 21:56:09', '2021-02-15 12:56:09'),
(252, 'hhh', 21, '09000000000', '0000000', '00000', 'hhh@hhhh', 'hhhhhh', NULL, NULL, 2, '', '2021-02-17 20:14:16', 0, '2021-02-17 20:14:16', '2021-02-17 11:15:05'),
(253, 'hhh', 21, '09000000000', '0000000', '00000', 'hhh@hhhh', 'hhhhhh', NULL, NULL, 2, '', '2021-02-17 20:14:16', 0, '2021-02-17 20:14:16', '2021-02-17 11:15:08'),
(254, 'lll', 21, '09000000000', '0000000', '0000', 'lll@lll', 'llllll', NULL, NULL, 2, '', '2021-02-17 20:20:22', 0, '2021-02-17 20:20:22', '2021-02-17 11:21:05'),
(255, 'lll', 21, '09000000000', '0000000', '0000', 'lll@lll', 'llllll', NULL, NULL, 2, '', '2021-02-17 20:20:22', 1, '2021-02-17 20:20:22', '2021-02-17 11:21:10'),
(256, 'lll', 21, '09000000000', '0000000', '0000', 'lll@lll', 'llllll', NULL, NULL, 2, '', '2021-02-17 20:20:22', 0, '2021-02-17 20:20:22', '2021-02-17 11:21:22'),
(257, 'lll', 21, '09000000000', '0000000', '0000', 'lll@lll', 'llllll', NULL, NULL, 2, '', '2021-02-17 20:20:22', 0, '2021-02-17 20:20:22', '2021-02-17 11:21:22'),
(258, 'lll', 21, '09000000000', '0000000', '0000', 'lll@lll', 'llllll', NULL, NULL, 2, '', '2021-02-17 20:20:22', 0, '2021-02-17 20:20:22', '2021-02-17 11:21:22'),
(259, 'lll', 21, '09000000000', '0000000', '0000', 'lll@lll', 'llllll', NULL, NULL, 2, '', '2021-02-17 20:20:22', 0, '2021-02-17 20:20:22', '2021-02-17 11:21:22'),
(260, 'lll', 21, '09000000000', '0000000', '0000', 'lll@lll', 'llllll', NULL, NULL, 2, '', '2021-02-17 20:20:22', 0, '2021-02-17 20:20:22', '2021-02-17 11:21:22'),
(261, 'lll', 21, '09000000000', '0000000', '0000', 'lll@lll', 'llllll', NULL, NULL, 2, '', '2021-02-17 20:20:22', 0, '2021-02-17 20:20:22', '2021-02-17 11:21:22'),
(262, 'lll', 21, '09000000000', '0000000', '0000', 'lll@lll', 'llllll', NULL, NULL, 2, '', '2021-02-17 20:20:22', 0, '2021-02-17 20:20:22', '2021-02-17 11:21:22'),
(263, 'lll', 21, '09000000000', '0000000', '0000', 'lll@lll', 'llllll', NULL, NULL, 2, '', '2021-02-17 20:20:22', 0, '2021-02-17 20:20:22', '2021-02-17 11:21:22'),
(264, 'lll', 21, '09000000000', '0000000', '0000', 'lll@lll', 'llllll', NULL, NULL, 2, '', '2021-02-17 20:20:22', 0, '2021-02-17 20:20:22', '2021-02-17 11:21:22'),
(265, 'lll', 21, '09000000000', '0000000', '0000', 'lll@lll', 'llllll', NULL, NULL, 2, '', '2021-02-17 20:20:22', 0, '2021-02-17 20:20:22', '2021-02-17 11:21:22'),
(266, 'lll', 21, '09000000000', '0000000', '0000', 'lll@lll', 'llllll', NULL, NULL, 2, '', '2021-02-17 20:20:22', 0, '2021-02-17 20:20:22', '2021-02-17 11:21:22'),
(267, 'lll', 21, '09000000000', '0000000', '0000', 'lll@lll', 'llllll', NULL, NULL, 2, '', '2021-02-17 20:20:22', 0, '2021-02-17 20:20:22', '2021-02-17 11:21:22'),
(268, 'lll', 21, '09000000000', '0000000', '0000', 'lll@lll', 'llllll', NULL, NULL, 2, '', '2021-02-17 20:20:22', 0, '2021-02-17 20:20:22', '2021-02-17 11:21:22'),
(269, 'lll', 21, '09000000000', '0000000', '0000', 'lll@lll', 'llllll', NULL, NULL, 2, '', '2021-02-17 20:20:22', 0, '2021-02-17 20:20:22', '2021-02-17 11:21:22'),
(270, 'lll', 21, '09000000000', '0000000', '0000', 'lll@lll', 'llllll', NULL, NULL, 2, '', '2021-02-17 20:20:22', 0, '2021-02-17 20:20:22', '2021-02-17 11:21:22'),
(271, 'lll', 21, '09000000000', '0000000', '0000', 'lll@lll', 'llllll', NULL, NULL, 2, '', '2021-02-17 20:20:22', 0, '2021-02-17 20:20:22', '2021-02-17 11:21:22'),
(272, 'lll', 21, '09000000000', '0000000', '0000', 'lll@lll', 'llllll', NULL, NULL, 2, '', '2021-02-17 20:20:22', 0, '2021-02-17 20:20:22', '2021-02-17 11:21:22'),
(273, 'lll', 21, '09000000000', '0000000', '0000', 'lll@lll', 'llllll', NULL, NULL, 2, '', '2021-02-17 20:20:22', 0, '2021-02-17 20:20:22', '2021-02-17 11:21:22'),
(274, 'lll', 21, '09000000000', '0000000', '0000', 'lll@lll', 'llllll', NULL, NULL, 2, '', '2021-02-17 20:20:22', 0, '2021-02-17 20:20:22', '2021-02-17 11:21:22'),
(275, 'lll', 21, '09000000000', '0000000', '0000', 'lll@lll', 'llllll', NULL, NULL, 2, '', '2021-02-17 20:20:22', 0, '2021-02-17 20:20:22', '2021-02-17 11:21:22'),
(276, 'lll', 21, '09000000000', '0000000', '0000', 'lll@lll', 'llllll', NULL, NULL, 2, '', '2021-02-17 20:20:22', 0, '2021-02-17 20:20:22', '2021-02-17 11:21:22'),
(277, 'lll', 21, '09000000000', '0000000', '0000', 'lll@lll', 'llllll', NULL, NULL, 2, '', '2021-02-17 20:20:22', 0, '2021-02-17 20:20:22', '2021-02-17 11:21:22'),
(278, 'lll', 21, '09000000000', '0000000', '0000', 'lll@lll', 'llllll', NULL, NULL, 2, '', '2021-02-17 20:20:22', 0, '2021-02-17 20:20:22', '2021-02-17 11:21:22'),
(279, 'lll', 21, '09000000000', '0000000', '0000', 'lll@lll', 'llllll', NULL, NULL, 2, '', '2021-02-17 20:20:22', 0, '2021-02-17 20:20:22', '2021-02-17 11:21:22'),
(280, 'lll', 21, '09000000000', '0000000', '0000', 'lll@lll', 'llllll', NULL, NULL, 2, '', '2021-02-17 20:20:22', 0, '2021-02-17 20:20:22', '2021-02-17 11:21:22'),
(281, 'lll', 21, '09000000000', '0000000', '0000', 'lll@lll', 'llllll', NULL, NULL, 2, '', '2021-02-17 20:20:22', 0, '2021-02-17 20:20:22', '2021-02-17 11:21:22'),
(282, 'lll', 21, '09000000000', '0000000', '0000', 'lll@lll', 'llllll', NULL, NULL, 2, '', '2021-02-17 20:20:22', 0, '2021-02-17 20:20:22', '2021-02-17 11:21:22'),
(283, 'lll', 21, '09000000000', '0000000', '0000', 'lll@lll', 'llllll', NULL, NULL, 2, '', '2021-02-17 20:20:22', 0, '2021-02-17 20:20:22', '2021-02-17 11:21:22'),
(284, 'lll', 21, '09000000000', '0000000', '0000', 'lll@lll', 'llllll', NULL, NULL, 2, '', '2021-02-17 20:20:22', 0, '2021-02-17 20:20:22', '2021-02-17 11:21:22'),
(285, 'lll', 21, '09000000000', '0000000', '0000', 'lll@lll', 'llllll', NULL, NULL, 2, '', '2021-02-17 20:20:22', 0, '2021-02-17 20:20:22', '2021-02-17 11:21:22'),
(286, 'lll', 21, '09000000000', '0000000', '0000', 'lll@lll', 'llllll', NULL, NULL, 2, '', '2021-02-17 20:20:22', 0, '2021-02-17 20:20:22', '2021-02-17 11:21:22'),
(287, 'lll', 21, '09000000000', '0000000', '0000', 'lll@lll', 'llllll', NULL, NULL, 2, '', '2021-02-17 20:20:22', 0, '2021-02-17 20:20:22', '2021-02-17 11:21:22'),
(288, 'lll', 21, '09000000000', '0000000', '0000', 'lll@lll', 'llllll', NULL, NULL, 2, '', '2021-02-17 20:20:22', 0, '2021-02-17 20:20:22', '2021-02-17 11:21:22'),
(289, 'lll', 21, '09000000000', '0000000', '0000', 'lll@lll', 'llllll', NULL, NULL, 2, '', '2021-02-17 20:20:22', 0, '2021-02-17 20:20:22', '2021-02-17 11:21:22'),
(290, 'lll', 21, '09000000000', '0000000', '0000', 'lll@lll', 'llllll', NULL, NULL, 2, '', '2021-02-17 20:20:22', 0, '2021-02-17 20:20:22', '2021-02-17 11:21:22'),
(291, 'lll', 21, '09000000000', '0000000', '0000', 'lll@lll', 'llllll', NULL, NULL, 2, '', '2021-02-17 20:20:22', 0, '2021-02-17 20:20:22', '2021-02-17 11:21:22'),
(292, 'lll', 21, '09000000000', '0000000', '0000', 'lll@lll', 'llllll', NULL, NULL, 2, '', '2021-02-17 20:20:22', 0, '2021-02-17 20:20:22', '2021-02-17 11:21:22'),
(293, 'lll', 21, '09000000000', '0000000', '0000', 'lll@lll', 'llllll', NULL, NULL, 2, '', '2021-02-17 20:20:22', 0, '2021-02-17 20:20:22', '2021-02-17 11:21:22'),
(294, 'lll', 21, '09000000000', '0000000', '0000', 'lll@lll', 'llllll', NULL, NULL, 2, '', '2021-02-17 20:20:22', 0, '2021-02-17 20:20:22', '2021-02-17 11:21:22'),
(295, 'lll', 21, '09000000000', '0000000', '0000', 'lll@lll', 'llllll', NULL, NULL, 2, '', '2021-02-17 20:20:22', 0, '2021-02-17 20:20:22', '2021-02-17 11:21:22'),
(296, 'lll', 21, '09000000000', '0000000', '0000', 'lll@lll', 'llllll', NULL, NULL, 2, '', '2021-02-17 20:20:22', 0, '2021-02-17 20:20:22', '2021-02-17 11:21:22'),
(297, 'lll', 21, '09000000000', '0000000', '0000', 'lll@lll', 'llllll', NULL, NULL, 2, '', '2021-02-17 20:20:22', 0, '2021-02-17 20:20:22', '2021-02-17 11:21:22'),
(298, 'lll', 21, '09000000000', '0000000', '0000', 'lll@lll', 'llllll', NULL, NULL, 2, '', '2021-02-17 20:20:22', 0, '2021-02-17 20:20:22', '2021-02-17 11:21:22'),
(299, 'lll', 21, '09000000000', '0000000', '0000', 'lll@lll', 'llllll', NULL, NULL, 2, '', '2021-02-17 20:20:22', 0, '2021-02-17 20:20:22', '2021-02-17 11:21:22'),
(300, 'lll', 21, '09000000000', '0000000', '0000', 'lll@lll', 'llllll', NULL, NULL, 2, '', '2021-02-17 20:20:22', 0, '2021-02-17 20:20:22', '2021-02-17 11:21:22'),
(301, 'lll', 21, '09000000000', '0000000', '0000', 'lll@lll', 'llllll', NULL, NULL, 2, '', '2021-02-17 20:20:22', 0, '2021-02-17 20:20:22', '2021-02-17 11:21:59'),
(302, 'lll', 21, '09000000000', '0000000', '0000', 'lll@lll', 'llllll', NULL, NULL, 2, '', '2021-02-17 20:20:22', 0, '2021-02-17 20:20:22', '2021-02-17 11:21:59'),
(303, 'lll', 21, '09000000000', '0000000', '0000', 'lll@lll', 'llllll', NULL, NULL, 2, '', '2021-02-17 20:20:22', 0, '2021-02-17 20:20:22', '2021-02-17 11:21:59'),
(304, 'lll', 21, '09000000000', '0000000', '0000', 'lll@lll', 'llllll', NULL, NULL, 2, '', '2021-02-17 20:20:22', 0, '2021-02-17 20:20:22', '2021-02-17 11:21:59'),
(305, 'lll', 21, '09000000000', '0000000', '0000', 'lll@lll', 'llllll', NULL, NULL, 2, '', '2021-02-17 20:20:22', 0, '2021-02-17 20:20:22', '2021-02-17 11:21:59'),
(306, 'lll', 21, '09000000000', '0000000', '0000', 'lll@lll', 'llllll', NULL, NULL, 2, '', '2021-02-17 20:20:22', 0, '2021-02-17 20:20:22', '2021-02-17 11:21:59'),
(307, 'lll', 21, '09000000000', '0000000', '0000', 'lll@lll', 'llllll', NULL, NULL, 2, '', '2021-02-17 20:20:22', 0, '2021-02-17 20:20:22', '2021-02-17 11:21:59'),
(308, 'lll', 21, '09000000000', '0000000', '0000', 'lll@lll', 'llllll', NULL, NULL, 2, '', '2021-02-17 20:20:22', 0, '2021-02-17 20:20:22', '2021-02-17 11:21:59'),
(309, 'lll', 21, '09000000000', '0000000', '0000', 'lll@lll', 'llllll', NULL, NULL, 2, '', '2021-02-17 20:20:22', 0, '2021-02-17 20:20:22', '2021-02-17 11:21:59'),
(310, 'lll', 21, '09000000000', '0000000', '0000', 'lll@lll', 'llllll', NULL, NULL, 2, '', '2021-02-17 20:20:22', 0, '2021-02-17 20:20:22', '2021-02-17 11:21:59'),
(311, 'lll', 21, '09000000000', '0000000', '0000', 'lll@lll', 'llllll', NULL, NULL, 2, '', '2021-02-17 20:20:22', 0, '2021-02-17 20:20:22', '2021-02-17 11:21:59'),
(312, 'lll', 21, '09000000000', '0000000', '0000', 'lll@lll', 'llllll', NULL, NULL, 2, '', '2021-02-17 20:20:22', 0, '2021-02-17 20:20:22', '2021-02-17 11:21:59'),
(313, 'lll', 21, '09000000000', '0000000', '0000', 'lll@lll', 'llllll', NULL, NULL, 2, '', '2021-02-17 20:20:22', 0, '2021-02-17 20:20:22', '2021-02-17 11:21:59'),
(314, 'lll', 21, '09000000000', '0000000', '0000', 'lll@lll', 'llllll', NULL, NULL, 2, '', '2021-02-17 20:20:22', 0, '2021-02-17 20:20:22', '2021-02-17 11:21:59'),
(315, 'lll', 21, '09000000000', '0000000', '0000', 'lll@lll', 'llllll', NULL, NULL, 2, '', '2021-02-17 20:20:22', 0, '2021-02-17 20:20:22', '2021-02-17 11:21:59'),
(316, 'lll', 21, '09000000000', '0000000', '0000', 'lll@lll', 'llllll', NULL, NULL, 2, '', '2021-02-17 20:20:22', 0, '2021-02-17 20:20:22', '2021-02-17 11:21:59'),
(317, 'lll', 21, '09000000000', '0000000', '0000', 'lll@lll', 'llllll', NULL, NULL, 2, '', '2021-02-17 20:20:22', 0, '2021-02-17 20:20:22', '2021-02-17 11:21:59'),
(318, 'lll', 21, '09000000000', '0000000', '0000', 'lll@lll', 'llllll', NULL, NULL, 2, '', '2021-02-17 20:20:22', 0, '2021-02-17 20:20:22', '2021-02-17 11:21:59'),
(319, 'lll', 21, '09000000000', '0000000', '0000', 'lll@lll', 'llllll', NULL, NULL, 2, '', '2021-02-17 20:20:22', 0, '2021-02-17 20:20:22', '2021-02-17 11:21:59'),
(320, 'lll', 21, '09000000000', '0000000', '0000', 'lll@lll', 'llllll', NULL, NULL, 2, '', '2021-02-17 20:20:22', 0, '2021-02-17 20:20:22', '2021-02-17 11:21:59'),
(321, 'lll', 21, '09000000000', '0000000', '0000', 'lll@lll', 'llllll', NULL, NULL, 2, '', '2021-02-17 20:20:22', 0, '2021-02-17 20:20:22', '2021-02-17 11:21:59'),
(322, 'lll', 21, '09000000000', '0000000', '0000', 'lll@lll', 'llllll', NULL, NULL, 2, '', '2021-02-17 20:20:22', 0, '2021-02-17 20:20:22', '2021-02-17 11:21:59'),
(323, 'lll', 21, '09000000000', '0000000', '0000', 'lll@lll', 'llllll', NULL, NULL, 2, '', '2021-02-17 20:20:22', 0, '2021-02-17 20:20:22', '2021-02-17 11:21:59'),
(324, 'lll', 21, '09000000000', '0000000', '0000', 'lll@lll', 'llllll', NULL, NULL, 2, '', '2021-02-17 20:20:22', 0, '2021-02-17 20:20:22', '2021-02-17 11:21:59'),
(325, 'lll', 21, '09000000000', '0000000', '0000', 'lll@lll', 'llllll', NULL, NULL, 2, '', '2021-02-17 20:20:22', 0, '2021-02-17 20:20:22', '2021-02-17 11:21:59'),
(326, 'lll', 21, '09000000000', '0000000', '0000', 'lll@lll', 'llllll', NULL, NULL, 2, '', '2021-02-17 20:20:22', 0, '2021-02-17 20:20:22', '2021-02-17 11:21:59'),
(327, 'lll', 21, '09000000000', '0000000', '0000', 'lll@lll', 'llllll', NULL, NULL, 2, '', '2021-02-17 20:20:22', 0, '2021-02-17 20:20:22', '2021-02-17 11:21:59'),
(328, 'lll', 21, '09000000000', '0000000', '0000', 'lll@lll', 'llllll', NULL, NULL, 2, '', '2021-02-17 20:20:22', 0, '2021-02-17 20:20:22', '2021-02-17 11:21:59'),
(329, 'lll', 21, '09000000000', '0000000', '0000', 'lll@lll', 'llllll', NULL, NULL, 2, '', '2021-02-17 20:20:22', 0, '2021-02-17 20:20:22', '2021-02-17 11:21:59'),
(330, 'lll', 21, '09000000000', '0000000', '0000', 'lll@lll', 'llllll', NULL, NULL, 2, '', '2021-02-17 20:20:22', 0, '2021-02-17 20:20:22', '2021-02-17 11:21:59'),
(331, 'lll', 21, '09000000000', '0000000', '0000', 'lll@lll', 'llllll', NULL, NULL, 2, '', '2021-02-17 20:20:22', 0, '2021-02-17 20:20:22', '2021-02-17 11:21:59'),
(332, 'lll', 21, '09000000000', '0000000', '0000', 'lll@lll', 'llllll', NULL, NULL, 2, '', '2021-02-17 20:20:22', 0, '2021-02-17 20:20:22', '2021-02-17 11:21:59'),
(333, 'lll', 21, '09000000000', '0000000', '0000', 'lll@lll', 'llllll', NULL, NULL, 2, '', '2021-02-17 20:20:22', 0, '2021-02-17 20:20:22', '2021-02-17 11:21:59'),
(334, 'lll', 21, '09000000000', '0000000', '0000', 'lll@lll', 'llllll', NULL, NULL, 2, '', '2021-02-17 20:20:22', 0, '2021-02-17 20:20:22', '2021-02-17 11:21:59'),
(335, 'lll', 21, '09000000000', '0000000', '0000', 'lll@lll', 'llllll', NULL, NULL, 2, '', '2021-02-17 20:20:22', 0, '2021-02-17 20:20:22', '2021-02-17 11:21:59'),
(336, 'lll', 21, '09000000000', '0000000', '0000', 'lll@lll', 'llllll', NULL, NULL, 2, '', '2021-02-17 20:20:22', 0, '2021-02-17 20:20:22', '2021-02-17 11:21:59'),
(337, 'lll', 21, '09000000000', '0000000', '0000', 'lll@lll', 'llllll', NULL, NULL, 2, '', '2021-02-17 20:20:22', 0, '2021-02-17 20:20:22', '2021-02-17 11:21:59'),
(338, 'lll', 21, '09000000000', '0000000', '0000', 'lll@lll', 'llllll', NULL, NULL, 2, '', '2021-02-17 20:20:22', 0, '2021-02-17 20:20:22', '2021-02-17 11:21:59'),
(339, 'lll', 21, '09000000000', '0000000', '0000', 'lll@lll', 'llllll', NULL, NULL, 2, '', '2021-02-17 20:20:22', 0, '2021-02-17 20:20:22', '2021-02-17 11:21:59'),
(340, 'lll', 21, '09000000000', '0000000', '0000', 'lll@lll', 'llllll', NULL, NULL, 2, '', '2021-02-17 20:20:22', 0, '2021-02-17 20:20:22', '2021-02-17 11:21:59'),
(341, 'lll', 21, '09000000000', '0000000', '0000', 'lll@lll', 'llllll', NULL, NULL, 2, '', '2021-02-17 20:20:22', 0, '2021-02-17 20:20:22', '2021-02-17 11:21:59'),
(342, 'lll', 21, '09000000000', '0000000', '0000', 'lll@lll', 'llllll', NULL, NULL, 2, '', '2021-02-17 20:20:22', 0, '2021-02-17 20:20:22', '2021-02-17 11:21:59'),
(343, 'lll', 21, '09000000000', '0000000', '0000', 'lll@lll', 'llllll', NULL, NULL, 2, '', '2021-02-17 20:20:22', 0, '2021-02-17 20:20:22', '2021-02-17 11:21:59'),
(344, 'lll', 21, '09000000000', '0000000', '0000', 'lll@lll', 'llllll', NULL, NULL, 2, '', '2021-02-17 20:20:22', 0, '2021-02-17 20:20:22', '2021-02-17 11:21:59'),
(345, 'lll', 21, '09000000000', '0000000', '0000', 'lll@lll', 'llllll', NULL, NULL, 2, '', '2021-02-17 20:20:22', 0, '2021-02-17 20:20:22', '2021-02-17 11:21:59'),
(346, 'lll', 21, '09000000000', '0000000', '0000', 'lll@lll', 'llllll', NULL, NULL, 2, '', '2021-02-17 20:20:22', 0, '2021-02-17 20:20:22', '2021-02-17 11:21:59'),
(347, 'lll', 21, '09000000000', '0000000', '0000', 'lll@lll', 'llllll', NULL, NULL, 2, '', '2021-02-17 20:20:22', 0, '2021-02-17 20:20:22', '2021-02-17 11:21:59'),
(348, 'lll', 21, '09000000000', '0000000', '0000', 'lll@lll', 'llllll', NULL, NULL, 2, '', '2021-02-17 20:20:22', 0, '2021-02-17 20:20:22', '2021-02-17 11:21:59'),
(349, 'lll', 21, '09000000000', '0000000', '0000', 'lll@lll', 'llllll', NULL, NULL, 2, '', '2021-02-17 20:20:22', 0, '2021-02-17 20:20:22', '2021-02-17 11:21:59'),
(350, 'lll', 21, '09000000000', '0000000', '0000', 'lll@lll', 'llllll', NULL, NULL, 2, '', '2021-02-17 20:20:22', 0, '2021-02-17 20:20:22', '2021-02-17 11:21:59'),
(351, 'lll', 21, '09000000000', '0000000', '0000', 'lll@lll', 'llllll', NULL, NULL, 2, '', '2021-02-17 20:20:22', 0, '2021-02-17 20:20:22', '2021-02-17 11:21:59'),
(352, 'lll', 21, '09000000000', '0000000', '0000', 'lll@lll', 'llllll', NULL, NULL, 2, '', '2021-02-17 20:20:22', 0, '2021-02-17 20:20:22', '2021-02-17 11:21:59'),
(353, 'lll', 21, '09000000000', '0000000', '0000', 'lll@lll', 'llllll', NULL, NULL, 2, '', '2021-02-17 20:20:22', 0, '2021-02-17 20:20:22', '2021-02-17 11:21:59'),
(354, 'lll', 21, '09000000000', '0000000', '0000', 'lll@lll', 'llllll', NULL, NULL, 2, '', '2021-02-17 20:20:22', 0, '2021-02-17 20:20:22', '2021-02-17 11:21:59'),
(355, 'lll', 21, '09000000000', '0000000', '0000', 'lll@lll', 'llllll', NULL, NULL, 2, '', '2021-02-17 20:20:22', 0, '2021-02-17 20:20:22', '2021-02-17 11:21:59'),
(356, 'lll', 21, '09000000000', '0000000', '0000', 'lll@lll', 'llllll', NULL, NULL, 2, '', '2021-02-17 20:20:22', 0, '2021-02-17 20:20:22', '2021-02-17 11:21:59'),
(357, 'lll', 21, '09000000000', '0000000', '0000', 'lll@lll', 'llllll', NULL, NULL, 2, '', '2021-02-17 20:20:22', 0, '2021-02-17 20:20:22', '2021-02-17 11:21:59'),
(358, 'lll', 21, '09000000000', '0000000', '0000', 'lll@lll', 'llllll', NULL, NULL, 2, '', '2021-02-17 20:20:22', 0, '2021-02-17 20:20:22', '2021-02-17 11:21:59'),
(359, 'lll', 21, '09000000000', '0000000', '0000', 'lll@lll', 'llllll', NULL, NULL, 2, '', '2021-02-17 20:20:22', 0, '2021-02-17 20:20:22', '2021-02-17 11:21:59'),
(360, 'lll', 21, '09000000000', '0000000', '0000', 'lll@lll', 'llllll', NULL, NULL, 2, '', '2021-02-17 20:20:22', 0, '2021-02-17 20:20:22', '2021-02-17 11:21:59'),
(361, 'lll', 21, '09000000000', '0000000', '0000', 'lll@lll', 'llllll', NULL, NULL, 2, '', '2021-02-17 20:20:22', 0, '2021-02-17 20:20:22', '2021-02-17 11:21:59'),
(362, 'lll', 21, '09000000000', '0000000', '0000', 'lll@lll', 'llllll', NULL, NULL, 2, '', '2021-02-17 20:20:22', 0, '2021-02-17 20:20:22', '2021-02-17 11:21:59'),
(363, 'lll', 21, '09000000000', '0000000', '0000', 'lll@lll', 'llllll', NULL, NULL, 2, '', '2021-02-17 20:20:22', 0, '2021-02-17 20:20:22', '2021-02-17 11:21:59'),
(364, 'lll', 21, '09000000000', '0000000', '0000', 'lll@lll', 'llllll', NULL, NULL, 2, '', '2021-02-17 20:20:22', 0, '2021-02-17 20:20:22', '2021-02-17 11:21:59'),
(365, 'lll', 21, '09000000000', '0000000', '0000', 'lll@lll', 'llllll', NULL, NULL, 2, '', '2021-02-17 20:20:22', 0, '2021-02-17 20:20:22', '2021-02-17 11:21:59'),
(366, 'lll', 21, '09000000000', '0000000', '0000', 'lll@lll', 'llllll', NULL, NULL, 2, '', '2021-02-17 20:20:22', 0, '2021-02-17 20:20:22', '2021-02-17 11:21:59'),
(367, 'lll', 21, '09000000000', '0000000', '0000', 'lll@lll', 'llllll', NULL, NULL, 2, '', '2021-02-17 20:20:22', 0, '2021-02-17 20:20:22', '2021-02-17 11:21:59'),
(368, 'lll', 21, '09000000000', '0000000', '0000', 'lll@lll', 'llllll', NULL, NULL, 2, '', '2021-02-17 20:20:22', 0, '2021-02-17 20:20:22', '2021-02-17 11:21:59'),
(369, 'lll', 21, '09000000000', '0000000', '0000', 'lll@lll', 'llllll', NULL, NULL, 2, '', '2021-02-17 20:20:22', 0, '2021-02-17 20:20:22', '2021-02-17 11:21:59'),
(370, 'lll', 21, '09000000000', '0000000', '0000', 'lll@lll', 'llllll', NULL, NULL, 2, '', '2021-02-17 20:20:22', 0, '2021-02-17 20:20:22', '2021-02-17 11:21:59'),
(371, 'pppp', 21, '0000000000', '0000000', '0000000', 'ppp@ppp', '$2y$10$sL8hw4UMOnCpCUawUw7cs.vw4mJKDsfdrMbpnfuig1i7ShAJyvrtu', 'uploads/f0c1253bb862eae72e9406650eaa41501541d201.jpeg', NULL, 7, '', '2021-03-20 21:49:11', 0, '2021-03-20 21:49:11', '2021-03-20 12:49:11');

--
-- Indexes for dumped tables
--

--
-- Indexes for table `area`
--
ALTER TABLE `area`
  ADD PRIMARY KEY (`id`);

--
-- Indexes for table `bord`
--
ALTER TABLE `bord`
  ADD PRIMARY KEY (`id`);

--
-- Indexes for table `message`
--
ALTER TABLE `message`
  ADD PRIMARY KEY (`id`);

--
-- Indexes for table `post`
--
ALTER TABLE `post`
  ADD PRIMARY KEY (`id`);

--
-- Indexes for table `users`
--
ALTER TABLE `users`
  ADD PRIMARY KEY (`id`);

--
-- AUTO_INCREMENT for dumped tables
--

--
-- AUTO_INCREMENT for table `area`
--
ALTER TABLE `area`
  MODIFY `id` int(11) NOT NULL AUTO_INCREMENT, AUTO_INCREMENT=8;

--
-- AUTO_INCREMENT for table `bord`
--
ALTER TABLE `bord`
  MODIFY `id` int(11) NOT NULL AUTO_INCREMENT, AUTO_INCREMENT=244;

--
-- AUTO_INCREMENT for table `message`
--
ALTER TABLE `message`
  MODIFY `id` int(11) NOT NULL AUTO_INCREMENT, AUTO_INCREMENT=93;

--
-- AUTO_INCREMENT for table `post`
--
ALTER TABLE `post`
  MODIFY `id` int(11) NOT NULL AUTO_INCREMENT, AUTO_INCREMENT=128;

--
-- AUTO_INCREMENT for table `users`
--
ALTER TABLE `users`
  MODIFY `id` int(11) NOT NULL AUTO_INCREMENT, AUTO_INCREMENT=372;
